<?xml version="1.0"?>
<Company>
    <Employee>
        <FirstName>Tanmay</FirstName>
        <LastName>Patil</LastName>
        <ContactNo>1234567890</ContactNo>
        <Email>tanmaypatil@xyz.com</Email>
        <Address>
            <City>Bangalore</City>
            <State>Karnataka</State>
            <Zip>560212</Zip>
         </Address>
         <Years>6</Years>
         <Performance>8</Performance>
    </Employee>
    <Employee>
        <FirstName>Rahul</FirstName>
        <LastName>Dev</LastName>
        <ContactNo>9912345688</ContactNo>
        <Email>rahuldev@xyz.com</Email>
        <Address>
            <City>Mumbai</City>
            <State>Maharashtra</State>
            <Zip>400076</Zip>
        </Address>
        <Years>4</Years>
        <Performance>8</Performance>
    </Employee>
<Employee>
        <FirstName>Jai</FirstName>
        <LastName>Patel</LastName>
        <ContactNo>9912123456</ContactNo>
        <Email>jaipatel@xyz.com</Email>
        <Address>
            <City>NY</City>
            <State>New York</State>
            <Zip>390016</Zip>
        </Address>
     <Years>7</Years>
     <Performance>5</Performance>
    </Employee>
<Employee>
        <FirstName>Mohan</FirstName>
        <LastName>Dev</LastName>
        <ContactNo>9912123789</ContactNo>
        <Email>mohandev@xyz.com</Email>
        <Address>
            <City>NY</City>
            <State>New York</State>
            <Zip>382330</Zip>
        </Address>
     <Years>6</Years>
     <Performance>5</Performance>
    </Employee>
<Employee>
        <FirstName>Bharat</FirstName>
        <LastName>Bhushan</LastName>
        <ContactNo>9976123789</ContactNo>
        <Email>bharatbhushan@xyz.com</Email>
        <Address>
            <City>Navi Mumbai</City>
            <State>Maharashtra</State>
            <Zip>400611</Zip>
        </Address>
     <Years>6</Years>
     <Performance>4</Performance>
    </Employee>
<Employee>
        <FirstName>Ram</FirstName>
        <LastName>Singh</LastName>
        <ContactNo>9836267890</ContactNo>
        <Email>ramsingh@xyz.com</Email>
        <Address>
            <City>Mangalore</City>
            <State>Karnataka</State>
            <Zip>574141</Zip>
         </Address>
         <Years>6</Years>
         <Performance>7</Performance>
    </Employee>
</Company>
